﻿Designator,Footprint,Quantity,Value,LCSC Part #
"C1, C4, C7",1206,3,100nF,
C2,1206,1,1uF,
C3,1206,1,10uF,
"C5, C6",1206,2,22pF,
D1,0603,1,Voltage,
D2,0603,1,Current,
J1,PinHeader_2x03_P2.54mm_Vertical,1,ICSP,
J2,SHDR3W50P0X200_1X3_800X470X640P,1,USB_X,
J3,JST_XH_B4B-XH-A_1x04_P2.50mm_Vertical,1,PS_POT,
J4,140502415001,1,POWER,
J5,SHDR3W50P0X200_1X3_800X470X640P,1,DISP,
J6,PinHeader_1x03_P2.00mm_Vertical,1,USB_Y,
J7,USB_A_Molex_105057_Vertical,1,USB_A,
"R1, R10, R11, R2, R6, R9",1206,6,10K,
R3,1206,1,2k,
"R4, R5",1206,2,1K,
SW1,SW_TH_Tactile_Omron_B3F-107x,1,Voltage,
SW2,SW_TH_Tactile_Omron_B3F-107x,1,Current,
SW3,RotaryEncoder_Alps_EC12E_Vertical_H20mm,1,Voltage,
SW4,RotaryEncoder_Alps_EC12E_Vertical_H20mm,1,Current,
"U1, U3",SOIC-14_3.9x8.7mm_P1.27mm,2,MCP4251-103E-SL,
U2,TQFP-32_7x7mm_P0.8mm,1,ATmega328PB-A,
Y1,Crystal_HC49-4H_Vertical,1,Crystal,
